<dataStore>
  <id>DataStoreInfoImpl--4b297ecd:170b63989f0:-7fc8</id>
  <name>CatchregistrationV3</name>
  <type>Microsoft SQL Server</type>
  <enabled>true</enabled>
  <workspace>
    <id>WorkspaceInfoImpl--4b297ecd:170b63989f0:-7fca</id>
  </workspace>
  <connectionParameters>
    <entry key="schema">dbo</entry>
    <entry key="Evictor run periodicity">300</entry>
    <entry key="Use native geometry serialization">false</entry>
    <entry key="Batch insert size">1</entry>
    <entry key="database">waterschapshuis-catch-registration</entry>
    <entry key="host">host.docker.internal</entry>
    <entry key="Use Native Paging">true</entry>
    <entry key="Force spatial index usage via hints">false</entry>
    <entry key="fetch size">1000</entry>
    <entry key="Expose primary keys">true</entry>
    <entry key="validate connections">true</entry>
    <entry key="Connection timeout">20</entry>
    <entry key="Integrated Security">false</entry>
    <entry key="port">1433</entry>
    <entry key="passwd">crypt1:9A2TXhzd3HMe4M7kBmm1uxK9BgfR5j3e</entry>
    <entry key="min connections">1</entry>
    <entry key="dbtype">sqlserver</entry>
    <entry key="namespace">catch-registration-v3</entry>
    <entry key="max connections">10</entry>
    <entry key="Evictor tests per run">3</entry>
    <entry key="Test while idle">true</entry>
    <entry key="user">waterschapshuis-catch-registration-geoserver</entry>
    <entry key="Max connection idle time">300</entry>
  </connectionParameters>
  <__default>false</__default>
</dataStore>